cps_year,occupation,sub_occupation_1,sub_occupation_2,total_number_employed_white,number_employed_white_per_100,total_number_employed_black,number_employed_black_per_100,total_number_employed_asian,number_employed_asian_per_100,total_number_employed_hispanic,number_employed_hispanic_per_100,acs_year
2024,Service occupations,Building and grounds cleaning and maintenance occupations,Other grounds maintenance workers,,,,,,,,,2023
2024,Service occupations,Building and grounds cleaning and maintenance occupations,Pest control workers,81100.0,0.038458721268098704,13200.0,0.032139551882123814,0.0,0.0,22000.0,0.03484784772326893,2023
2024,Service occupations,Building and grounds cleaning and maintenance occupations,Tree trimmers and pruners,79210.0,0.03756245760352772,2403.0000000000005,0.005850859331268449,1869.0000000000002,0.009657587621421947,38537.0,0.061042341259618854,2023
2024,Service occupations,Building and grounds cleaning and maintenance occupations,"First-line supervisors of landscaping, lawn service, and groundskeeping workers",247080.0,0.11716869113343807,20164.0,0.049095600314480646,4828.0,0.024947476209858294,97411.99999999999,0.15429993374632148,2023
2024,Service occupations,Building and grounds cleaning and maintenance occupations,Landscaping and groundskeeping workers,1009278.0,0.4786133327253283,115720.99999999999,0.2817591729811552,10737.000000000002,0.05548074814938868,573833.0,0.9089475001175719,2023
2024,Service occupations,Building and grounds cleaning and maintenance occupations,First-line supervisors of housekeeping and janitorial workers,281088.0,0.13329574653276607,62951.99999999999,0.15327644470329227,10980.0,0.05673638955763133,99918.00000000001,0.15826942040061753,2023
2024,Service occupations,Building and grounds cleaning and maintenance occupations,Maids and housekeeping cleaners,1078119.0,0.5112586697267731,214776.0,0.5229397268965927,64998.0,0.3358608240862405,741825.0,1.1750456653324535,2023
2024,Service occupations,Building and grounds cleaning and maintenance occupations,Janitors and building cleaners,1741823.9999999998,0.8259965932686159,384767.99999999994,0.9368387195894707,69120.0,0.3571602227890235,822528.0000000001,1.3028786587329524,2023
2024,Service occupations,Building and grounds cleaning and maintenance occupations,all,4535220.0,2.1506629083786266,813569.9999999999,1.9808920624802624,161559.99999999997,0.8348206827805935,2400320.0,3.80209026577804,2023
2024,"Natural resources, construction, and maintenance occupations",Construction and extraction occupations,Reinforcing iron and rebar workers,,,,,,,,,2023
2024,"Natural resources, construction, and maintenance occupations",Construction and extraction occupations,Rail-track laying and maintenance equipment operators,,,,,,,,,2023
2024,"Natural resources, construction, and maintenance occupations",Construction and extraction occupations,Other extraction workers,,,,,,,,,2023
2024,"Natural resources, construction, and maintenance occupations",Construction and extraction occupations,Boilermakers,,,,,,,,,2023
2024,"Natural resources, construction, and maintenance occupations",Construction and extraction occupations,Underground mining machine operators,,,,,,,,,2023
2024,"Natural resources, construction, and maintenance occupations",Construction and extraction occupations,Structural iron and steel workers,,,,,,,,,2023
2024,"Natural resources, construction, and maintenance occupations",Construction and extraction occupations,Plasterers and stucco masons,,,,,,,,,2023
2024,"Natural resources, construction, and maintenance occupations",Construction and extraction occupations,Septic tank servicers and sewer pipe cleaners,,,,,,,,,2023
2024,"Natural resources, construction, and maintenance occupations",Construction and extraction occupations,"Roustabouts, oil and gas",,,,,,,,,2023
2024,"Natural resources, construction, and maintenance occupations",Construction and extraction occupations,Elevator and escalator installers and repairers,,,,,,,,,2023
2024,"Natural resources, construction, and maintenance occupations",Construction and extraction occupations,"Explosives workers, ordnance handling experts, and blasters",,,,,,,,,2023
2024,"Natural resources, construction, and maintenance occupations",Construction and extraction occupations,"Derrick, rotary drill, and service unit operators, oil and gas",,,,,,,,,2023
2024,"Natural resources, construction, and maintenance occupations",Construction and extraction occupations,Fence erectors,,,,,,,,,2023
2024,"Natural resources, construction, and maintenance occupations",Construction and extraction occupations,Pipelayers,,,,,,,,,2023
2024,"Natural resources, construction, and maintenance occupations",Construction and extraction occupations,Glaziers,,,,,,,,,2023
2024,"Natural resources, construction, and maintenance occupations",Construction and extraction occupations,Insulation workers,,,,,,,,,2023
2024,"Natural resources, construction, and maintenance occupations",Construction and extraction occupations,"Earth drillers, except oil and gas",,,,,,,,,2023
2024,"Natural resources, construction, and maintenance occupations",Construction and extraction occupations,Hazardous materials removal workers,,,,,,,,,2023
2024,"Natural resources, construction, and maintenance occupations",Construction and extraction occupations,Solar photovoltaic installers,,,,,,,,,2023
2024,"Natural resources, construction, and maintenance occupations",Construction and extraction occupations,Miscellaneous construction and related workers,,,,,,,,,2023
2024,"Natural resources, construction, and maintenance occupations",Construction and extraction occupations,"Excavating and loading machine and dragline operators, surface mining",,,,,,,,,2023
2024,"Natural resources, construction, and maintenance occupations",Construction and extraction occupations,"Cement masons, concrete finishers, and terrazzo workers",46205.99999999999,0.02191151263765436,1071.0,0.0026076863686177727,0.0,0.0,29579.999999999996,0.0468545152570134,2023
2024,"Natural resources, construction, and maintenance occupations",Construction and extraction occupations,"Helpers, construction trades",48454.99999999999,0.022978018977135913,3795.0000000000005,0.009240121166110598,0.0,0.0,24639.999999999996,0.0390295894500612,2023
2024,"Natural resources, construction, and maintenance occupations",Construction and extraction occupations,Highway maintenance workers,57742.99999999999,0.02738251470017045,11242.0,0.02737218501960878,292.0,0.001508836589328629,10804.000000000002,0.01711346121828171,2023
2024,"Natural resources, construction, and maintenance occupations",Construction and extraction occupations,"Carpet, floor, and tile installers and finishers",110592.00000000001,0.052444228144039116,4864.0,0.01184293790565532,895.9999999999999,0.004629854739857712,75392.0,0.11942040616148596,2023
2024,"Natural resources, construction, and maintenance occupations",Construction and extraction occupations,Construction equipment operators,347688.0,0.16487837090336255,34056.0,0.08292004385587944,1584.0,0.008184921772248454,78804.0,0.12482499054474931,2023
2024,"Natural resources, construction, and maintenance occupations",Construction and extraction occupations,"Brickmasons, blockmasons, and stonemasons",110336.0,0.05232282946777976,4480.0,0.0109079691236299,2176.0,0.011243932939654443,58623.99999999999,0.09286001022404171,2023
2024,"Natural resources, construction, and maintenance occupations",Construction and extraction occupations,"Drywall installers, ceiling tile installers, and tapers",112700.0,0.053443870368862195,7139.999999999999,0.01738457579078515,2520.0000000000005,0.013021466455849815,92119.99999999999,0.14591744237579699,2023
2024,"Natural resources, construction, and maintenance occupations",Construction and extraction occupations,Roofers,210239.99999999997,0.099698662877991,13919.999999999998,0.033892618348421465,2880.0,0.014881675949542645,163680.0,0.25926798706112086,2023
2024,"Natural resources, construction, and maintenance occupations",Construction and extraction occupations,Painters and paperhangers,461923.0,0.2190501591162017,41503.0,0.10105210770937761,3772.9999999999995,0.019496028943619577,339031.0,0.5370227573394359,2023
2024,"Natural resources, construction, and maintenance occupations",Construction and extraction occupations,Sheet metal workers,123516.0,0.058572964440819726,12702.0,0.030927014242934592,4964.0,0.025650222018586695,30806.000000000004,0.04879649077104649,2023
2024,"Natural resources, construction, and maintenance occupations",Construction and extraction occupations,Construction and building inspectors,89440.0,0.04241366251811034,6032.0,0.014686801284315973,6344.0,0.03278102507774255,16432.0,0.02602817426312523,2023
2024,"Natural resources, construction, and maintenance occupations",Construction and extraction occupations,First-line supervisors of construction trades and extraction workers,687456.0,0.32600097025995145,64943.99999999999,0.15812659526004913,12672.0,0.06547937417798763,213047.99999999997,0.3374665573521363,2023
2024,"Natural resources, construction, and maintenance occupations",Construction and extraction occupations,Carpenters,1106335.0,0.5246390800757335,84414.0,0.2055324342861818,15348.0,0.07930693141443768,529506.0,0.83873383893442,2023
2024,"Natural resources, construction, and maintenance occupations",Construction and extraction occupations,"Plumbers, pipefitters, and steamfitters",536148.0,0.25424866202772606,64871.99999999999,0.15795128861341937,16536.0,0.08544562274362402,206700.0,0.3274113692908949,2023
2024,"Natural resources, construction, and maintenance occupations",Construction and extraction occupations,Electricians,821376.0,0.3895076527781238,91264.0,0.2222109138613748,17856.000000000004,0.09226639088716442,259904.0,0.4116861370303858,2023
2024,"Natural resources, construction, and maintenance occupations",Construction and extraction occupations,Construction laborers,2008667.9999999998,0.952537641580139,146752.0,0.357313902864048,36688.0,0.1895760164016738,1235927.0,1.9576998133216637,2023
2024,"Natural resources, construction, and maintenance occupations",Construction and extraction occupations,all,7335720.0,3.478698036754834,639000.0,1.5558464888391754,127800.0,0.6603743702609548,3544320.0000000005,5.614178347388026,2023
2024,"Natural resources, construction, and maintenance occupations","Farming, fishing, and forestry occupations",Logging workers,,,,,,,,,2023
2024,"Natural resources, construction, and maintenance occupations","Farming, fishing, and forestry occupations",Animal breeders,,,,,,,,,2023
2024,"Natural resources, construction, and maintenance occupations","Farming, fishing, and forestry occupations",Agricultural inspectors,,,,,,,,,2023
2024,"Natural resources, construction, and maintenance occupations","Farming, fishing, and forestry occupations",Fishing and hunting workers,,,,,,,,,2023
2024,"Natural resources, construction, and maintenance occupations","Farming, fishing, and forestry occupations",Forest and conservation workers,,,,,,,,,2023
2024,"Natural resources, construction, and maintenance occupations","Farming, fishing, and forestry occupations","First-line supervisors of farming, fishing, and forestry workers",52326.00000000001,0.024813699741979448,972.0000000000001,0.0023666397295018446,0.0,0.0,27000.0,0.04276781311492096,2023
2024,"Natural resources, construction, and maintenance occupations","Farming, fishing, and forestry occupations","Graders and sorters, agricultural products",40000.0,0.018968543165523405,6550.0,0.01594803521423568,2750.0,0.014209933632375788,35550.0,0.056310953934645934,2023
2024,"Natural resources, construction, and maintenance occupations","Farming, fishing, and forestry occupations",Miscellaneous agricultural workers,673730.0,0.3194919146727021,30280.0,0.07372618416596281,11355.0,0.05867410778022804,349734.0,0.5539762352568063,2023
2024,"Natural resources, construction, and maintenance occupations","Farming, fishing, and forestry occupations",all,860390.0,0.408008621354617,44620.0,0.10864142461972456,15520.0,0.08019569817253536,428740.0,0.6791211924033783,2023
2024,Service occupations,Food preparation and serving related occupations,"Food preparation and serving related workers, all other",,,,,,,,,2023
2024,Service occupations,Food preparation and serving related occupations,Bartenders,377550.00000000006,0.17903933680358405,36899.99999999999,0.08984465639775518,9000.0,0.04650523734232077,96750.0,0.1532513303284668,2023
2024,Service occupations,Food preparation and serving related occupations,Dining room and cafeteria attendants and bartender helpers,206596.0,0.09797062859561184,41100.0,0.10007087745115824,10138.000000000002,0.05238556624182755,96448.00000000001,0.15277296441881102,2023
2024,Service occupations,Food preparation and serving related occupations,Dishwashers,192515.0,0.09129322718776846,50691.0,0.123423183670965,13296.0,0.06870373730038855,117725.0,0.18647558514644705,2023
2024,Service occupations,Food preparation and serving related occupations,"Food servers, nonrestaurant",156689.00000000003,0.07430405150156744,40222.0,0.0979331102880897,16575.0,0.08564714543877407,61216.99999999999,0.09696730427615245,2023
2024,Service occupations,Food preparation and serving related occupations,First-line supervisors of food preparation and serving workers,369845.99999999994,0.1753859953899042,78732.0,0.1916978180896494,17010.0,0.08789489857698624,103032.0,0.1632019748465384,2023
2024,Service occupations,Food preparation and serving related occupations,"Hosts and hostesses, restaurant, lounge, and coffee shop",236530.0,0.11216573787353128,38750.0,0.09434906329032558,17980.0,0.09290712971276971,70990.0,0.11244766863067553,2023
2024,Service occupations,Food preparation and serving related occupations,Fast food and counter workers,620757.0,0.29437139874502033,115509.00000000001,0.28124299229941213,43212.00000000001,0.22328714622626278,189468.0,0.30011600056510535,2023
2024,Service occupations,Food preparation and serving related occupations,Food preparation workers,659615.0,0.312798390003168,134250.0,0.3268738515284183,52805.0,0.2728565619845831,297140.0,0.4706677032950969,2023
2024,Service occupations,Food preparation and serving related occupations,Chefs and head cooks,294580.00000000006,0.13969383614249714,91155.0,0.2219455190768936,94245.0,0.4869873437030023,129265.0,0.20475486527037992,2023
2024,Service occupations,Food preparation and serving related occupations,Cooks,1429565.0,0.6779191352605367,328819.99999999994,0.8006157158999962,124310.0,0.6423406726693216,822050.0,1.3021215100415102,2023
2024,Service occupations,Food preparation and serving related occupations,Waiters and waitresses,1368075.9999999998,0.6487602164929149,169670.0,0.4131149824121172,132164.00000000003,0.682924243123387,491150.00000000006,0.7779782004219791,2023
2024,Service occupations,Food preparation and serving related occupations,all,5916774.000000001,2.805814575491165,1128540.0,2.7477855970493943,532026.0,2.7491106002539496,2474727.0,3.9199504387573705,2023
2024,Service occupations,Healthcare support occupations,Medical transcriptionists,,,,,,,,,2023
2024,Service occupations,Healthcare support occupations,Occupational therapy assistants and aides,,,,,,,,,2023
2024,Service occupations,Healthcare support occupations,Pharmacy aides,,,,,,,,,2023
2024,Service occupations,Healthcare support occupations,Veterinary assistants and laboratory animal caretakers,54746.0,0.025961296603493608,3968.0,0.00966134408092934,930.0,0.004805541192039812,16926.0,0.02681066684382045,2023
2024,Service occupations,Healthcare support occupations,Orderlies and psychiatric aides,43362.0,0.020562849218585647,19206.000000000004,0.04676304798849015,3036.0,0.01568776673014287,10823.999999999998,0.017145141079848315,2023
2024,Service occupations,Healthcare support occupations,Phlebotomists,64790.0,0.030724297792356536,33660.0,0.08195585729941572,3630.0,0.018757112394736042,20570.0,0.03258273762125645,2023
2024,Service occupations,Healthcare support occupations,Physical therapist assistants and aides,85734.0,0.040656226993824596,3564.0000000000005,0.00867767900817343,5940.0,0.030693456645931705,12078.0,0.019131468400074646,2023
2024,Service occupations,Healthcare support occupations,Massage therapists,138339.0,0.06560223232438356,10089.0,0.024564843858995992,16586.999999999996,0.08570915242189714,17613.0,0.02789887008863344,2023
2024,Service occupations,Healthcare support occupations,Dental assistants,223852.0,0.10615365811721864,27542.0,0.06705966196495863,22268.0,0.11506429168208876,89365.0,0.14155354144499674,2023
2024,Service occupations,Healthcare support occupations,Other healthcare support workers,138016.0,0.06544906133832196,53118.0,0.12933247855111005,22700.0,0.11729654307452014,31553.000000000004,0.04997973360055931,2023
2024,Service occupations,Healthcare support occupations,Medical assistants,451080.0,0.21390826127760743,132300.0,0.3221259631821955,29610.0,0.15300223085623532,200970.0,0.3183350889520617,2023
2024,Service occupations,Healthcare support occupations,Nursing assistants,744736.0,0.353163924072981,487364.00000000006,1.1866409517787417,72557.0,0.37492005620519636,214933.0,0.34045238430478914,2023
2024,Service occupations,Healthcare support occupations,Home health aides,337840.0,0.16020831557601067,207952.0,0.5063245524993493,76096.0,0.39320694897791564,188271.99999999997,0.29822154484342217,2023
2024,Service occupations,Healthcare support occupations,Personal care aides,978529.0000000001,0.4640317393804114,475094.99999999994,1.156768212230122,125025.0,0.6460352554137393,368407.0,0.5835541380084699,2023
2024,Service occupations,Healthcare support occupations,all,3333616.0,1.5808459748319867,1467663.9999999998,3.5734896419337385,387375.99999999994,2.0016680911909828,1194863.9999999998,1.892656305546182,2023
2024,"Natural resources, construction, and maintenance occupations","Installation, maintenance, and repair occupations","Electronic equipment installers and repairers, motor vehicles",,,,,,,,,2023
2024,"Natural resources, construction, and maintenance occupations","Installation, maintenance, and repair occupations",Control and valve installers and repairers,,,,,,,,,2023
2024,"Natural resources, construction, and maintenance occupations","Installation, maintenance, and repair occupations","Electrical and electronics installers and repairers, transportation equipment",,,,,,,,,2023
2024,"Natural resources, construction, and maintenance occupations","Installation, maintenance, and repair occupations",Commercial divers,,,,,,,,,2023
2024,"Natural resources, construction, and maintenance occupations","Installation, maintenance, and repair occupations",Automotive glass installers and repairers,,,,,,,,,2023
2024,"Natural resources, construction, and maintenance occupations","Installation, maintenance, and repair occupations",Wind turbine service technicians,,,,,,,,,2023
2024,"Natural resources, construction, and maintenance occupations","Installation, maintenance, and repair occupations",Locksmiths and safe repairers,,,,,,,,,2023
2024,"Natural resources, construction, and maintenance occupations","Installation, maintenance, and repair occupations","Coin, vending, and amusement machine servicers and repairers",,,,,,,,,2023
2024,"Natural resources, construction, and maintenance occupations","Installation, maintenance, and repair occupations",Millwrights,,,,,,,,,2023
2024,"Natural resources, construction, and maintenance occupations","Installation, maintenance, and repair occupations",Small engine mechanics,,,,,,,,,2023
2024,"Natural resources, construction, and maintenance occupations","Installation, maintenance, and repair occupations","Electrical and electronics repairers, industrial and utility",,,,,,,,,2023
2024,"Natural resources, construction, and maintenance occupations","Installation, maintenance, and repair occupations",Avionics technicians,,,,,,,,,2023
2024,"Natural resources, construction, and maintenance occupations","Installation, maintenance, and repair occupations",Manufactured building and mobile home installers,,,,,,,,,2023
2024,"Natural resources, construction, and maintenance occupations","Installation, maintenance, and repair occupations",Audiovisual equipment installers and repairers,,,,,,,,,2023
2024,"Natural resources, construction, and maintenance occupations","Installation, maintenance, and repair occupations",Riggers,,,,,,,,,2023
2024,"Natural resources, construction, and maintenance occupations","Installation, maintenance, and repair occupations","Electric motor, power tool, and related repairers",,,,,,,,,2023
2024,"Natural resources, construction, and maintenance occupations","Installation, maintenance, and repair occupations","Helpers--installation, maintenance, and repair workers",,,,,,,,,2023
2024,"Natural resources, construction, and maintenance occupations","Installation, maintenance, and repair occupations",Home appliance repairers,,,,,,,,,2023
2024,"Natural resources, construction, and maintenance occupations","Installation, maintenance, and repair occupations","Maintenance workers, machinery",,,,,,,,,2023
2024,"Natural resources, construction, and maintenance occupations","Installation, maintenance, and repair occupations",Security and fire alarm systems installers,54740.0,0.02595845132201878,8540.0,0.020793316141919496,420.0,0.0021702444093083025,18829.999999999996,0.029826589664961538,2023
2024,"Natural resources, construction, and maintenance occupations","Installation, maintenance, and repair occupations",Heavy vehicle and mobile equipment service technicians and mechanics,180304.0,0.0855026051729133,6494.000000000001,0.015811685600190306,764.0,0.003947777925503673,25021.0,0.039633090812905086,2023
2024,"Natural resources, construction, and maintenance occupations","Installation, maintenance, and repair occupations",Electrical power-line installers and repairers,116197.0,0.05510219525510808,10480.0,0.025516856342777085,1310.0,0.006769095657604467,19126.0,0.030295451616147346,2023
2024,"Natural resources, construction, and maintenance occupations","Installation, maintenance, and repair occupations","Miscellaneous vehicle and mobile equipment mechanics, installers, and repairers",78958.0,0.03744295578158492,10767.0,0.026215648114759627,1649.0000000000002,0.008520792930831883,29585.0,0.04686243522240506,2023
2024,"Natural resources, construction, and maintenance occupations","Installation, maintenance, and repair occupations","Other installation, maintenance, and repair workers",185850.0,0.08813259368281312,34425.0,0.08381849041985698,1800.0,0.009301047468464153,65024.99999999999,0.10299914991843465,2023
2024,"Natural resources, construction, and maintenance occupations","Installation, maintenance, and repair occupations",Telecommunications line installers and repairers,103378.0,0.04902325138413697,19304.0,0.04700165981306955,2413.0,0.012468570856335556,34671.0,0.05491862401879351,2023
2024,"Natural resources, construction, and maintenance occupations","Installation, maintenance, and repair occupations",Precision instrument and equipment repairers,47850.0,0.022691119761757375,3025.0,0.007365313972986706,2640.0,0.013641536287080756,11385.0,0.018033761196791672,2023
2024,"Natural resources, construction, and maintenance occupations","Installation, maintenance, and repair occupations",Automotive body and related repairers,106880.0,0.05068394733827854,11776.0,0.028672375982112877,2816.0000000000005,0.014550972039552811,33664.0,0.05332354298891479,2023
2024,"Natural resources, construction, and maintenance occupations","Installation, maintenance, and repair occupations",Radio and telecommunications equipment installers and repairers,81100.0,0.038458721268098704,5400.000000000001,0.01314799849723247,6800.000000000001,0.03513729043642014,20000.0,0.03167986156660812,2023
2024,"Natural resources, construction, and maintenance occupations","Installation, maintenance, and repair occupations","Computer, automated teller, and office machine repairers",95625.0,0.04534667350507939,17124.999999999996,0.041696198937982584,7500.0,0.03875436445193397,16500.0,0.026135885792451703,2023
2024,"Natural resources, construction, and maintenance occupations","Installation, maintenance, and repair occupations","First-line supervisors of mechanics, installers, and repairers",225760.0,0.10705845762621409,26383.999999999996,0.06424014673166323,7615.999999999999,0.039353765288790546,44607.99999999999,0.07065876323816274,2023
2024,"Natural resources, construction, and maintenance occupations","Installation, maintenance, and repair occupations",Bus and truck mechanics and diesel engine specialists,290580.0,0.13779698182594477,23380.000000000004,0.05692596386394355,7682.0,0.03969480369596757,69138.0,0.10951411344960761,2023
2024,"Natural resources, construction, and maintenance occupations","Installation, maintenance, and repair occupations",Industrial and refractory machinery mechanics,307725.0,0.14592737364026725,38046.0,0.09263495385661231,9698.0,0.050111976860647424,75346.0,0.11934754247988277,2023
2024,"Natural resources, construction, and maintenance occupations","Installation, maintenance, and repair occupations",Aircraft mechanics and service technicians,122607.99999999999,0.058142378510962336,15325.999999999998,0.03731596758677496,12166.0,0.0628647463896305,36024.0,0.05706176665377455,2023
2024,"Natural resources, construction, and maintenance occupations","Installation, maintenance, and repair occupations","Heating, air conditioning, and refrigeration mechanics and installers",417285.0,0.19788221337063588,44055.00000000001,0.10726575440658823,17820.000000000004,0.09208036993779513,125730.0,0.19915544973848195,2023
2024,"Natural resources, construction, and maintenance occupations","Installation, maintenance, and repair occupations","Maintenance and repair workers, general",588700.0,0.27916953403859074,74675.0,0.18181977551496936,23200.0,0.11988016737131575,168200.0,0.2664276357751743,2023
2024,"Natural resources, construction, and maintenance occupations","Installation, maintenance, and repair occupations",Automotive service technicians and mechanics,757706.0000000001,0.359314474194402,90486.0,0.2203166281519587,32904.00000000001,0.17002314772352473,277856.0,0.4401219807725733,2023
2024,"Natural resources, construction, and maintenance occupations","Installation, maintenance, and repair occupations",all,4082533.0,1.9359925858793443,480298.0,1.1694365522636592,142129.0,0.734415875358523,1156636.0,1.8321034181477676,2023
2024,"Management,  professional, and related occupations","Management, business, and financial operations occupations",Business and financial operations occupations,7687485.0,3.6455097764203424,1074060.0000000002,2.6151369010995387,835380.0,4.316616130114213,1084005.0,1.717056416875552,2023
2024,"Management,  professional, and related occupations","Management, business, and financial operations occupations",Management occupations,16732170.000000002,7.934622222446895,1879787.0,4.576932713169839,1425333.0000000002,7.365049939649121,2540811.0000000005,4.024627037345758,2023
2024,"Management,  professional, and related occupations","Management, business, and financial operations occupations",all,24420395.999999996,11.580483391129375,2968393.9999999995,7.227488861332199,2264548.0000000005,11.701482468119757,3611036.0000000005,5.719856029601917,2023
2024,Sales and office occupations,Office and administrative support occupations,"Meter readers, utilities",,,,,,,,,2023
2024,Sales and office occupations,Office and administrative support occupations,Proofreaders and copy markers,,,,,,,,,2023
2024,Sales and office occupations,Office and administrative support occupations,New accounts clerks,,,,,,,,,2023
2024,Sales and office occupations,Office and administrative support occupations,Legal secretaries and administrative assistants,,,,,,,,,2023
2024,Sales and office occupations,Office and administrative support occupations,Cargo and freight agents,,,,,,,,,2023
2024,Sales and office occupations,Office and administrative support occupations,"Office machine operators, except computer",,,,,,,,,2023
2024,Sales and office occupations,Office and administrative support occupations,"Mail clerks and mail machine operators, except postal service",,,,,,,,,2023
2024,Sales and office occupations,Office and administrative support occupations,Statistical assistants,,,,,,,,,2023
2024,Sales and office occupations,Office and administrative support occupations,Gambling cage workers,,,,,,,,,2023
2024,Sales and office occupations,Office and administrative support occupations,"Postal service mail sorters, processors, and processing machine operators",,,,,,,,,2023
2024,Sales and office occupations,Office and administrative support occupations,"Switchboard operators, including answering service",,,,,,,,,2023
2024,Sales and office occupations,Office and administrative support occupations,"Credit authorizers, checkers, and clerks",,,,,,,,,2023
2024,Sales and office occupations,Office and administrative support occupations,Correspondence clerks,,,,,,,,,2023
2024,Sales and office occupations,Office and administrative support occupations,"Communications equipment operators, all other",,,,,,,,,2023
2024,Sales and office occupations,Office and administrative support occupations,Procurement clerks,,,,,,,,,2023
2024,Sales and office occupations,Office and administrative support occupations,Brokerage clerks,,,,,,,,,2023
2024,Sales and office occupations,Office and administrative support occupations,Word processors and typists,,,,,,,,,2023
2024,Sales and office occupations,Office and administrative support occupations,Desktop publishers,,,,,,,,,2023
2024,Sales and office occupations,Office and administrative support occupations,Telephone operators,,,,,,,,,2023
2024,Sales and office occupations,Office and administrative support occupations,"Eligibility interviewers, government programs",50540.0,0.023966754289638823,21356.000000000004,0.05199789924201789,0.0,0.0,20140.0,0.03190162059757438,2023
2024,Sales and office occupations,Office and administrative support occupations,"Court, municipal, and license clerks",55573.99999999999,0.02635394544701994,14947.999999999998,0.03639560769196869,370.0,0.0019118819796287425,16354.0,0.025904622803015462,2023
2024,Sales and office occupations,Office and administrative support occupations,Public safety telecommunicators,68880.0,0.032663831331031304,6720.0,0.01636195368544485,400.0,0.002066899437436478,11760.0,0.018627758601165577,2023
2024,Sales and office occupations,Office and administrative support occupations,Loan interviewers and clerks,84864.00000000001,0.040243661179974466,14483.999999999998,0.035265853747021306,816.0,0.004216474852370416,10098.0,0.01599516210498044,2023
2024,Sales and office occupations,Office and administrative support occupations,"Weighers, measurers, checkers, and samplers, recordkeeping",49542.0,0.023493489137659015,17388.0,0.04233655516108855,1104.0,0.00570464244732468,14214.000000000002,0.022514877615388396,2023
2024,Sales and office occupations,Office and administrative support occupations,Bill and account collectors,73337.0,0.034777401253249754,34126.0,0.08309048087343615,2712.0,0.014013578185819324,21583.0,0.03418732260960515,2023
2024,Sales and office occupations,Office and administrative support occupations,"Hotel, motel, and resort desk clerks",60945.00000000001,0.028900946580570602,17000.0,0.04139184712091703,3740.0000000000005,0.019325509740031076,10115.0,0.01602208998731206,2023
2024,Sales and office occupations,Office and administrative support occupations,"Information and record clerks, all other",81312.0,0.038559254546875976,23184.0,0.05644874021478473,4368.0,0.022570541856806344,20720.0,0.03282033658300602,2023
2024,Sales and office occupations,Office and administrative support occupations,"Library assistants, clerical",46926.0,0.02225294641463378,9108.0,0.022176290798665427,4752.000000000001,0.02455476531674537,8844.0,0.01400883478475411,2023
2024,Sales and office occupations,Office and administrative support occupations,Medical secretaries and administrative assistants,69445.0,0.032931762003244325,6715.0,0.016349779612762228,5015.0,0.025913751696859846,19125.0,0.030293867623069015,2023
2024,Sales and office occupations,Office and administrative support occupations,Postal service clerks,46368.0,0.021988335237474732,36892.0,0.089825177881463,6164.0,0.031850920330896135,8096.000000000001,0.01282400796216297,2023
2024,Sales and office occupations,Office and administrative support occupations,Order clerks,75388.0,0.03575001330406196,8460.0,0.020598530978997533,6204.0,0.03205761027463978,24722.0,0.0391594768824843,2023
2024,Sales and office occupations,Office and administrative support occupations,File Clerks,90500.00000000001,0.04291632891199671,19125.0,0.04656582801103166,6250.0,0.032295303709944975,26750.0,0.04237181484533836,2023
2024,Sales and office occupations,Office and administrative support occupations,Payroll and timekeeping clerks,102960.0,0.04882503010805724,15600.0,0.037983106769782685,7800.0,0.04030453903001133,23400.0,0.037065438032931504,2023
2024,Sales and office occupations,Office and administrative support occupations,"Human resources assistants, except payroll and timekeeping",66495.0,0.03153283194478697,16833.000000000004,0.04098523309331744,7997.999999999999,0.04132765425154238,17019.0,0.02695797820010518,2023
2024,Sales and office occupations,Office and administrative support occupations,Reservation and transportation ticket agents and travel clerks,73476.0,0.03484331694074995,23048.999999999996,0.05612004025235391,9360.0,0.04836544683601359,27612.0,0.043737216878859175,2023
2024,Sales and office occupations,Office and administrative support occupations,"Interviewers, except eligibility and loan",112048.0,0.05313468311526416,54519.99999999999,0.13274608853131742,9588.0,0.04954357951535239,29328.0,0.04645534900127415,2023
2024,Sales and office occupations,Office and administrative support occupations,Insurance claims and policy processing clerks,215280.0,0.10208869931684697,65480.99999999999,0.1594340906661628,9867.0,0.050985241872964326,52923.0,0.08382966568448008,2023
2024,Sales and office occupations,Office and administrative support occupations,"Dispatchers, except police, fire, and ambulance",140352.0,0.06655682425918852,13072.0,0.03182789562144867,10836.0,0.055992305760154196,45580.0,0.07219840451029991,2023
2024,Sales and office occupations,Office and administrative support occupations,"Production, planning, and expediting clerks",181968.0,0.08629169656859907,24975.999999999996,0.060811927864236684,11596.000000000002,0.059919414691283514,30997.000000000004,0.0490990334490076,2023
2024,Sales and office occupations,Office and administrative support occupations,Tellers,170016.0,0.08062389587074067,35112.0,0.08549120800644933,13167.0,0.06803716223181527,40887.0,0.0647647249936953,2023
2024,Sales and office occupations,Office and administrative support occupations,Executive secretaries and executive administrative assistants,164268.00000000003,0.07789811621785499,45162.0,0.10996109409852088,13338.0,0.06892076174131938,43758.0,0.06931236912158191,2023
2024,Sales and office occupations,Office and administrative support occupations,Billing and posting clerks,302231.99999999994,0.14332251845006172,60760.0,0.1479393312392305,15288.0,0.0789968964988222,68992.0,0.10928285046017139,2023
2024,Sales and office occupations,Office and administrative support occupations,"Financial clerks, all other",108040.0,0.05123403509007872,18352.0,0.044683716374298195,15836.0,0.08182854872811018,29304.0,0.046417333167394215,2023
2024,Sales and office occupations,Office and administrative support occupations,Data entry keyers,161364.00000000003,0.07652099998403798,35708.0,0.08694235747021796,17176.0,0.08875266184352239,43618.0,0.06909061009061565,2023
2024,Sales and office occupations,Office and administrative support occupations,"Shipping, receiving, and inventory clerks",464654.0,0.22034523640082782,98693.0,0.24029915105321553,25746.0,0.13303598229059893,182674.0,0.2893543515909286,2023
2024,Sales and office occupations,Office and administrative support occupations,Postal service mail carriers,204866.99999999997,0.09715071331728208,65508.0,0.159499830658649,26265.000000000004,0.13571778431067277,27810.0,0.044050847508368594,2023
2024,Sales and office occupations,Office and administrative support occupations,"Office and administrative support workers, all other",557167.9999999999,0.26421663146120855,95494.0,0.23251017935087356,33746.0,0.1743739710393285,116316.0,0.1842437388990795,2023
2024,Sales and office occupations,Office and administrative support occupations,First-line supervisors of office and administrative support workers,961845.9999999999,0.45612043423965065,128088.00000000001,0.3118705243543542,49812.0,0.2573909869439647,180272.0,0.285549600216779,2023
2024,Sales and office occupations,Office and administrative support occupations,Couriers and messengers,608076.0,0.28835789634797027,192024.00000000003,0.4675428265615867,50673.0,0.2618399879830467,209804.0,0.3323280838060325,2023
2024,Sales and office occupations,Office and administrative support occupations,Receptionists and information clerks,933177.0,0.4425252051393409,164536.99999999997,0.4006170793961367,56447.0,0.29167568136244226,266622.0,0.42232740253060946,2023
2024,Sales and office occupations,Office and administrative support occupations,"Secretaries and administrative assistants, except legal, medical, and executive",1464414.0,0.6944450042799197,161736.0,0.3937971638793315,70320.0,0.3633609211013329,254909.99999999997,0.40377567559720373,2023
2024,Sales and office occupations,Office and administrative support occupations,"Bookkeeping, accounting, and auditing clerks",982737.0,0.4660272301214244,102941.99999999999,0.2506446780189082,74214.0,0.383482187124777,165186.0,0.26165348063708643,2023
2024,Sales and office occupations,Office and administrative support occupations,"Office clerks, general",935991.0,0.44385964215103546,176672.99999999997,0.43016598861139843,85204.0,0.4402702491683443,258118.00000000003,0.40885712539248775,2023
2024,Sales and office occupations,Office and administrative support occupations,Customer service representatives,1900304.0,0.9011499612904197,473760.0,1.1535177348238619,150024.0,0.7752113030049256,563248.0,0.8921809333834445,2023
2024,Sales and office occupations,Office and administrative support occupations,all,11972610.0,5.6775742397244295,2369250.0,5.768684340660745,821340.0000000001,4.244067959860193,2953665.0,4.678584915706779,2023
2024,Service occupations,Personal care and service occupations,"Embalmers, crematory operators, and funeral attendants",,,,,,,,,2023
2024,Service occupations,Personal care and service occupations,"Ushers, lobby attendants, and ticket takers",,,,,,,,,2023
2024,Service occupations,Personal care and service occupations,"Morticians, undertakers, and funeral arrangers",,,,,,,,,2023
2024,Service occupations,Personal care and service occupations,Residential advisors,,,,,,,,,2023
2024,Service occupations,Personal care and service occupations,Other personal appearance workers,,,,,,,,,2023
2024,Service occupations,Personal care and service occupations,Animal trainers,51408.0,0.024378371676330682,5165.999999999999,0.012578251895685726,1890.0,0.00976609984188736,8694.0,0.01377123582300455,2023
2024,Service occupations,Personal care and service occupations,Tour and travel guides,51071.99999999999,0.02421903591374028,969.0000000000001,0.002359335285892271,2223.0,0.011486793623553228,7410.0,0.011737388710428308,2023
2024,Service occupations,Personal care and service occupations,"Baggage porters, bellhops, and concierges",42687.0,0.02024275505266744,30456.0,0.07415471152439111,5346.0,0.02762411098133853,19683.0,0.03117773576077738,2023
2024,Service occupations,Personal care and service occupations,Skincare specialists,85078.0,0.040345142885910006,7828.0,0.01905972819191403,5562.000000000001,0.028740236677554237,21733.000000000004,0.03442492157135472,2023
2024,Service occupations,Personal care and service occupations,Recreation workers,114348.0,0.054225374347281766,25740.0,0.06267212617014144,5616.000000000001,0.029019268101608164,18876.0,0.02989945334656474,2023
2024,Service occupations,Personal care and service occupations,Barbers,89568.0,0.04247436185624001,46224.0,0.11254686713630993,6480.0,0.03348377088647095,52704.0,0.08348277120032573,2023
2024,Service occupations,Personal care and service occupations,"Personal care and service workers, all other",109792.0,0.05206485728072865,20148.0,0.04905664328189625,8175.999999999999,0.042247424501201614,22046.0,0.03492071140487213,2023
2024,Service occupations,Personal care and service occupations,Other entertainment attendants and related workers,153965.99999999997,0.0730127679255744,25929.0,0.06313230611754457,8240.999999999998,0.04258329565978504,34170.0,0.05412504348654998,2023
2024,Service occupations,Personal care and service occupations,Exercise trainers and group fitness instructors,201102.0,0.0953652991918272,22264.0,0.054208710841182166,8712.000000000002,0.04501706974736651,48400.0,0.07666526499119165,2023
2024,Service occupations,Personal care and service occupations,Animal caretakers,279892.0,0.13272858709211693,29392.000000000004,0.07156406885752903,9351.999999999998,0.04832410884726485,41082.00000000001,0.06507360364396976,2023
2024,Service occupations,Personal care and service occupations,Gambling services workers,52080.00000000001,0.024697043201511476,10695.0,0.026040341468129863,20925.0,0.10812467682089577,10974.0,0.017382740041597875,2023
2024,Service occupations,Personal care and service occupations,"Hairdressers, hairstylists, and cosmetologists",556842.0,0.2640620378344096,99461.99999999999,0.24217152343180287,37026.0,0.19132254642630764,153186.00000000003,0.24264556369712165,2023
2024,Service occupations,Personal care and service occupations,Supervisors of personal care and service workers,156816.0,0.07436427662611796,33880.0,0.08249151649745111,42592.00000000001,0.22008345209823627,35090.0,0.055582317118613944,2023
2024,Service occupations,Personal care and service occupations,Childcare workers,724224.0,0.34343685513770056,156456.0,0.38094134312648203,57071.99999999999,0.2949052117334367,245016.0,0.38810364808020276,2023
2024,Service occupations,Personal care and service occupations,Manicurists and pedicurists,70452.0,0.033409295077436375,28737.000000000004,0.06996926533610547,200541.0,1.036245200207372,41406.0,0.0655868174013488,2023
2024,Service occupations,Personal care and service occupations,all,2858775.0,1.3556699247004793,579865.0000000001,1.4118637312217974,429830.0,2.2210384629833038,786669.9999999999,1.2460798349301803,2023
2024,"Production, transportation, and material moving occupations",Production occupations,Miscellaneous plant and system operators,,,,,,,,,2023
2024,"Production, transportation, and material moving occupations",Production occupations,"Woodworking machine setters, operators, and tenders, except sawing",,,,,,,,,2023
2024,"Production, transportation, and material moving occupations",Production occupations,"Other textile, apparel, and furnishings workers",,,,,,,,,2023
2024,"Production, transportation, and material moving occupations",Production occupations,"Pressers, textile, garment, and related materials",,,,,,,,,2023
2024,"Production, transportation, and material moving occupations",Production occupations,"Grinding, lapping, polishing, and buffing machine tool setters, operators, and tenders, metal and plastic",,,,,,,,,2023
2024,"Production, transportation, and material moving occupations",Production occupations,"Food and tobacco roasting, baking, and drying machine operators and tenders",,,,,,,,,2023
2024,"Production, transportation, and material moving occupations",Production occupations,"Extruding, forming, pressing, and compacting machine setters, operators, and tenders",,,,,,,,,2023
2024,"Production, transportation, and material moving occupations",Production occupations,"Model makers and patternmakers, metal and plastic",,,,,,,,,2023
2024,"Production, transportation, and material moving occupations",Production occupations,Etchers and engravers,,,,,,,,,2023
2024,"Production, transportation, and material moving occupations",Production occupations,"Furnace, kiln, oven, drier, and kettle operators and tenders",,,,,,,,,2023
2024,"Production, transportation, and material moving occupations",Production occupations,Print binding and finishing workers,,,,,,,,,2023
2024,"Production, transportation, and material moving occupations",Production occupations,Shoe and leather workers,,,,,,,,,2023
2024,"Production, transportation, and material moving occupations",Production occupations,Upholsterers,,,,,,,,,2023
2024,"Production, transportation, and material moving occupations",Production occupations,Engine and other machine assemblers,,,,,,,,,2023
2024,"Production, transportation, and material moving occupations",Production occupations,Food cooking machine operators and tenders,,,,,,,,,2023
2024,"Production, transportation, and material moving occupations",Production occupations,"Paper goods machine setters, operators, and tenders",,,,,,,,,2023
2024,"Production, transportation, and material moving occupations",Production occupations,Adhesive bonding machine operators and tenders,,,,,,,,,2023
2024,"Production, transportation, and material moving occupations",Production occupations,"Molders and molding machine setters, operators, and tenders, metal and plastic",,,,,,,,,2023
2024,"Production, transportation, and material moving occupations",Production occupations,"Power plant operators, distributors, and dispatchers",,,,,,,,,2023
2024,"Production, transportation, and material moving occupations",Production occupations,Tire builders,,,,,,,,,2023
2024,"Production, transportation, and material moving occupations",Production occupations,Prepress technicians and workers,,,,,,,,,2023
2024,"Production, transportation, and material moving occupations",Production occupations,Structural metal fabricators and fitters,,,,,,,,,2023
2024,"Production, transportation, and material moving occupations",Production occupations,"Other machine tool setters, operators, and tenders, metal and plastic",,,,,,,,,2023
2024,"Production, transportation, and material moving occupations",Production occupations,"Sawing machine setters, operators, and tenders, wood",,,,,,,,,2023
2024,"Production, transportation, and material moving occupations",Production occupations,Photographic process workers and processing machine operators,,,,,,,,,2023
2024,"Production, transportation, and material moving occupations",Production occupations,"Metal furnace operators, tenders, pourers, and casters",,,,,,,,,2023
2024,"Production, transportation, and material moving occupations",Production occupations,Furniture finishers,,,,,,,,,2023
2024,"Production, transportation, and material moving occupations",Production occupations,"Aircraft structure, surfaces, rigging, and systems assemblers",,,,,,,,,2023
2024,"Production, transportation, and material moving occupations",Production occupations,"Forming machine setters, operators, and tenders, metal and plastic",,,,,,,,,2023
2024,"Production, transportation, and material moving occupations",Production occupations,"Textile machine setters, operators, and tenders",,,,,,,,,2023
2024,"Production, transportation, and material moving occupations",Production occupations,Other production equipment operators and tenders,,,,,,,,,2023
2024,"Production, transportation, and material moving occupations",Production occupations,Jewelers and precious stone and metal workers,,,,,,,,,2023
2024,"Production, transportation, and material moving occupations",Production occupations,"Chemical processing machine setters, operators, and tenders",,,,,,,,,2023
2024,"Production, transportation, and material moving occupations",Production occupations,"Molders, shapers, and casters, except metal and plastic",,,,,,,,,2023
2024,"Production, transportation, and material moving occupations",Production occupations,Cabinetmakers and bench carpenters,,,,,,,,,2023
2024,"Production, transportation, and material moving occupations",Production occupations,Other woodworkers,,,,,,,,,2023
2024,"Production, transportation, and material moving occupations",Production occupations,Tool and die makers,,,,,,,,,2023
2024,"Production, transportation, and material moving occupations",Production occupations,Water and wastewater treatment plant and system operators,96406.99999999999,0.04571750852396537,8881.0,0.02162358789887436,107.0,0.000552895599514258,16692.0,0.026440012463491137,2023
2024,"Production, transportation, and material moving occupations",Production occupations,Food batchmakers,75852.0,0.03597004840478203,14504.000000000002,0.0353145500377518,2352.0,0.012153368692126493,29302.0,0.04641416518123755,2023
2024,"Production, transportation, and material moving occupations",Production occupations,"Crushing, grinding, polishing, mixing, and blending workers",62074.0,0.029436333711417496,14349.999999999998,0.03493958859912702,2460.0,0.012711431540234344,24764.0,0.03922600459177417,2023
2024,"Production, transportation, and material moving occupations",Production occupations,"Cutting, punching, and press machine setters, operators, and tenders, metal and plastic",39416.0,0.018691602435306764,9516.0,0.023169695129567437,2496.0,0.012897452489603623,11960.0,0.018944557216831654,2023
2024,"Production, transportation, and material moving occupations",Production occupations,Sewing machine operators,84930.0,0.04027495927619757,16758.0,0.0408026220030781,3078.0000000000005,0.015904791171073705,45714.0,0.07241065958279617,2023
2024,"Production, transportation, and material moving occupations",Production occupations,Stationary engineers and boiler operators,74208.0,0.035190441280679025,17952.0,0.043709790559688384,3648.0,0.01885012286942068,16800.0,0.026611083715950824,2023
2024,"Production, transportation, and material moving occupations",Production occupations,Dental and ophthalmic laboratory technicians and medical appliance technicians,64800.0,0.03072903992814792,2664.0000000000005,0.006486345925301353,4248.0,0.021950472025575398,15192.000000000002,0.02406402284599553,2023
2024,"Production, transportation, and material moving occupations",Production occupations,Helpers--production workers,50368.0,0.023885189554027072,2752.0,0.006700609604515509,4416.0,0.02281856978929872,19392.0,0.030716793774983233,2023
2024,"Production, transportation, and material moving occupations",Production occupations,Laundry and dry-cleaning workers,69375.0,0.03289856705270466,30413.999999999996,0.07405244931385707,4995.0,0.025810406724988025,37629.0,0.05960407554449485,2023
2024,"Production, transportation, and material moving occupations",Production occupations,Computer numerically controlled tool operators and programmers,79534.00000000001,0.03771610280316847,546.0,0.001329408736942394,5824.0,0.030094055809075128,14833.0,0.023495369330874913,2023
2024,"Production, transportation, and material moving occupations",Production occupations,Printing press operators,111804.0,0.053018975001954474,13464.0,0.03278234291976628,5940.0,0.030693456645931705,32076.0,0.0508081619805261,2023
2024,"Production, transportation, and material moving occupations",Production occupations,Painting workers,120852.0,0.057309659465995866,24300.0,0.0591659932375461,5994.000000000001,0.030972488069985635,53297.99999999999,0.08442366308885398,2023
2024,"Production, transportation, and material moving occupations",Production occupations,"Tailors, dressmakers, and sewers",47645.0,0.022593905978034068,9750.0,0.02373944173111418,6500.0,0.03358711585834277,16835.0,0.02666652347369239,2023
2024,"Production, transportation, and material moving occupations",Production occupations,Cutting workers,34580.0,0.016398305566594985,8008.0,0.019497994808488447,7591.999999999999,0.03922975132254435,15652.0,0.024792659662027514,2023
2024,"Production, transportation, and material moving occupations",Production occupations,"Food processing workers, all other",93100.0,0.04414928421775573,20083.0,0.04889838033702216,11172.0,0.05772850128760084,52401.99999999999,0.08300440529066992,2023
2024,"Production, transportation, and material moving occupations",Production occupations,Bakers,204120.0,0.09679647577366594,20898.0,0.05088275418428965,11178.0,0.05775950477916239,82376.99999999999,0.13048459781362381,2023
2024,"Production, transportation, and material moving occupations",Production occupations,"Butchers and other meat, poultry, and fish processing workers",156545.0,0.07423576474617154,51146.0,0.12453102428508368,15057.0,0.07780326207370264,71939.0,0.11395087806201108,2023
2024,"Production, transportation, and material moving occupations",Production occupations,Packaging and filling machine operators and tenders,193766.00000000003,0.09188646837527022,52541.99999999999,0.1279300253780719,15290.0,0.07900723099600938,138444.0,0.21929433773637472,2023
2024,"Production, transportation, and material moving occupations",Production occupations,"Welding, soldering, and brazing workers",486624.00000000006,0.23076370873449156,56240.0,0.1369339695341396,17760.0,0.09177033502217964,158064.0,0.2503722819332173,2023
2024,"Production, transportation, and material moving occupations",Production occupations,Machinists,233511.0,0.11073408707811339,19108.0,0.04652443616391074,19951.0,0.10309177669073795,35406.0,0.05608285893136636,2023
2024,"Production, transportation, and material moving occupations",Production occupations,Other metal workers and plastic workers,232104.99999999997,0.11006734278584523,36295.0,0.08837159360315786,23180.0,0.11977682239944391,68320.0,0.10821840711153334,2023
2024,"Production, transportation, and material moving occupations",Production occupations,"Electrical, electronics, and electromechanical assemblers",63825.00000000001,0.030266681688488287,18400.0,0.04480058747205137,28060.0,0.14499299553616896,22309.999999999996,0.035338885577551354,2023
2024,"Production, transportation, and material moving occupations",Production occupations,First-line supervisors of production and operating workers,613600.0,0.29097745215912907,95875.0,0.2334378436892894,35282.0,0.18231086487908457,143429.0,0.2271905432318518,2023
2024,"Production, transportation, and material moving occupations",Production occupations,Other production workers,953678.0,0.45224705772525076,243272.0,0.5923222019293958,51760.0,0.2674567872042803,361025.99999999994,0.5718626850973131,2023
2024,"Production, transportation, and material moving occupations",Production occupations,"Inspectors, testers, sorters, samplers, and weighers",568320.0,0.2695050612957565,110592.00000000001,0.269271009223321,59136.0,0.30557041283060893,155136.0,0.24573435019986586,2023
2024,"Production, transportation, and material moving occupations",Production occupations,Other assemblers and fabricators,631098.0000000001,0.2992752413668873,169012.0,0.41151287444708406,71920.0,0.37162851885107884,230144.0,0.36454650301927294,2023
2024,"Production, transportation, and material moving occupations",Production occupations,all,6045383.999999999,2.8668031839041133,1128048.0,2.7465876682974244,452808.0,2.339771501166842,2025720.0,3.20872645863547,2023
2024,"Management,  professional, and related occupations",Professional and related occupations,Legal occupations,1504072.0,0.713251366401378,181368.0,0.44159744286038116,104424.0,0.5395847671371671,194192.0,0.3075987838671382,2023
2024,"Management,  professional, and related occupations",Professional and related occupations,Community and social service occupations,2118100.0,1.004431781972378,563450.0,1.3718962506047472,123900.00000000001,0.6402221007459493,407100.00000000006,0.6448435821883084,2023
2024,"Management,  professional, and related occupations",Professional and related occupations,"Arts, design, entertainment, sports, and media occupations",2775951.0,1.3163936592219465,323919.00000000006,0.7886826898564897,226395.0,1.1698392453460789,435375.0,0.6896309864781005,2023
2024,"Management,  professional, and related occupations",Professional and related occupations,"Life, physical, and social science occupations",1362702.0,0.6462117927186268,157668.0,0.3838923383447498,281550.0,1.4548388415256013,182068.99999999997,0.2883960357785387,2023
2024,"Management,  professional, and related occupations",Professional and related occupations,Architecture and engineering occupations,2727936.0,1.2936242942196314,259295.99999999997,0.6313376700626647,465312.0,2.4043827775811066,372960.0,0.5907660584941082,2023
2024,"Management,  professional, and related occupations",Professional and related occupations,"Education, training, and library occupations",7544969.0,3.577926753975899,1064157.0,2.5910249327443355,623155.0,3.2199967973393218,1207962.0,1.913403446886154,2023
2024,"Management,  professional, and related occupations",Professional and related occupations,Healthcare practitioners and technical occupations,7699125.0,3.6510296224815093,1393175.0,3.392122741922564,1068450.0,5.520946759822514,1120825.0,1.7753790420196776,2023
2024,"Management,  professional, and related occupations",Professional and related occupations,Computer and mathematical occupations,4099812.0,1.9441865223132713,613056.0,1.492677660503583,1487938.0,7.688545537850897,530038.0,0.8395765232520916,2023
2024,"Management,  professional, and related occupations",Professional and related occupations,all,29825506.0,14.143659949864434,4536046.0,11.044430739143953,4375478.0,22.60918254178922,4455762.0,7.057896166687646,2023
2024,Service occupations,Protective service occupations,Parking enforcement workers,,,,,,,,,2023
2024,Service occupations,Protective service occupations,Transportation security screeners,,,,,,,,,2023
2024,Service occupations,Protective service occupations,Animal control workers,,,,,,,,,2023
2024,Service occupations,Protective service occupations,Fish and game wardens,,,,,,,,,2023
2024,Service occupations,Protective service occupations,"First-line supervisors of protective service workers, all other",,,,,,,,,2023
2024,Service occupations,Protective service occupations,School bus monitors,,,,,,,,,2023
2024,Service occupations,Protective service occupations,Bailiffs,,,,,,,,,2023
2024,Service occupations,Protective service occupations,Fire inspectors,,,,,,,,,2023
2024,Service occupations,Protective service occupations,First-line supervisors of correctional officers,,,,,,,,,2023
2024,Service occupations,Protective service occupations,First-line supervisors of firefighting and prevention workers,43524.00000000001,0.020639671818406022,5720.0,0.013927139148920317,0.0,0.0,1976.0,0.0031299703227808825,2023
2024,Service occupations,Protective service occupations,First-line supervisors of police and detectives,84563.99999999999,0.040101397106233026,17604.0,0.04286247510097785,324.0,0.0016741885443235475,19008.000000000004,0.030108540432904365,2023
2024,Service occupations,Protective service occupations,First-line supervisors of security workers,43820.0,0.02078003903783089,19600.000000000004,0.04772236491588082,1470.0,0.007595855432579059,7420.0,0.011753228641211613,2023
2024,Service occupations,Protective service occupations,Detectives and criminal investigators,121705.99999999999,0.057714637862579785,16157.0,0.03933929846662685,2567.0,0.0132643271397486,14798.0,0.023439929573133348,2023
2024,Service occupations,Protective service occupations,Crossing guards and flaggers,42504.0,0.02015597396768517,9016.0,0.02195228786130517,3248.0,0.016783223431984205,12040.0,0.01907127666309809,2023
2024,Service occupations,Protective service occupations,Private detectives and investigators,90594.00000000001,0.04296090498843569,27468.0,0.06687948568925582,3402.0000000000005,0.01757897971539725,15246.0,0.02414955847222537,2023
2024,Service occupations,Protective service occupations,Other protective service workers,152255.0,0.07220138849166916,10915.0,0.02657600066616526,5365.0,0.02772228870461677,33115.0,0.05245393078891139,2023
2024,Service occupations,Protective service occupations,Correctional officers and jailers,213091.99999999997,0.10105112000569283,86449.0,0.2104872818680092,5742.000000000001,0.02967034142440065,50402.0,0.07983641913400912,2023
2024,Service occupations,Protective service occupations,Firefighters,247936.00000000003,0.11757461795718029,29204.0,0.07110632372466241,10132.0,0.052354562750266,45892.0,0.072692610350739,2023
2024,Service occupations,Protective service occupations,Police officers,538332.0,0.25528434448456366,97632.00000000001,0.23771581282996307,21696.0,0.11210862548655459,132888.0,0.210493672193171,2023
2024,Service occupations,Protective service occupations,Security guards and gambling surveillance officers,487230.00000000006,0.23105108216344927,312006.0,0.7596767442828728,42912.0,0.22173697164818543,181482.0,0.28746623184155873,2023
2024,Service occupations,Protective service occupations,all,2192550.0,1.0397369829392087,668650.0,1.6280387398471277,99520.0,0.5142445800341958,547360.0,0.867014451354931,2023
2024,Sales and office occupations,Sales and related occupations,Sales engineers,,,,,,,,,2023
2024,Sales and office occupations,Sales and related occupations,Telemarketers,,,,,,,,,2023
2024,Sales and office occupations,Sales and related occupations,"Door-to-door sales workers, news and street vendors, and related workers",49600.0,0.023520993525249022,10850.0,0.026417737721291162,867.9999999999999,0.004485171779237158,15748.0,0.024944722997547235,2023
2024,Sales and office occupations,Sales and related occupations,Parts salespersons,111561.0,0.052903741102223914,5289.0,0.012877734083678243,2583.0,0.01334700311724606,19188.0,0.030393659187003833,2023
2024,Sales and office occupations,Sales and related occupations,"Models, demonstrators, and product promoters",33331.99999999999,0.015806487019830652,6448.0,0.015699684131510176,3432.0,0.017733997173204986,17472.0,0.027675527064588857,2023
2024,Sales and office occupations,Sales and related occupations,Travel agents,65685.0,0.031148718945685123,7656.000000000001,0.01864094009163181,5307.0,0.02742258828618848,10701.000000000002,0.016950309931213676,2023
2024,Sales and office occupations,Sales and related occupations,Advertising sales agents,110980.0,0.052628223012744696,4092.0,0.009963261083458382,5456.000000000001,0.02819250832663357,15376.0,0.024355477572408323,2023
2024,Sales and office occupations,Sales and related occupations,Counter and rental clerks,44454.00000000001,0.02108069044700444,8493.999999999998,0.020681314673239363,5890.0,0.030435094216252144,8122.0,0.012865191782199557,2023
2024,Sales and office occupations,Sales and related occupations,"Sales and related workers, all other",322806.0,0.15307898862724872,46632.0,0.11354027146721195,19296.0,0.09970722886193573,67938.0,0.10761332175561113,2023
2024,Sales and office occupations,Sales and related occupations,Insurance sales agents,465310.0,0.2206563205087424,79515.0,0.19360427787174808,27094.0,0.14000143339475987,107787.0,0.17073386193399948,2023
2024,Sales and office occupations,Sales and related occupations,"Securities, commodities, and financial services sales agents",182226.0,0.0864140436720167,26620.0,0.06481476296228302,30734.0,0.15881021827543182,28071.999999999996,0.04446585369489115,2023
2024,Sales and office occupations,Sales and related occupations,"Sales representatives of services, except advertising, insurance, financial services, and travel",577624.0,0.2739171444360573,54678.0,0.13313078922808833,37153.0,0.19197878699769372,91831.0,0.1454596683761595,2023
2024,Sales and office occupations,Sales and related occupations,"Sales representatives, wholesale and manufacturing",979848.0,0.4646572270912945,69192.0,0.16846968741120535,42408.0,0.21913267835701544,158472.0,0.25101855110917615,2023
2024,Sales and office occupations,Sales and related occupations,Real estate brokers and sales agents,836168.0,0.39652222004073434,98551.99999999999,0.23995584220356556,60960.0,0.3149954742653193,129032.0,0.20438579488312897,2023
2024,Sales and office occupations,Sales and related occupations,First-line supervisors of non-retail sales workers,933338.0,0.44260155352558206,96985.0,0.23614048782483166,75306.0,0.3891248225889786,179137.0,0.28375176807287394,2023
2024,Sales and office occupations,Sales and related occupations,Retail salespersons,2184466.0,1.0359034403654563,303474.0,0.7389029066572456,133966.0,0.6922356250890381,576874.0,0.9137644230687747,2023
2024,Sales and office occupations,Sales and related occupations,Cashiers,1806007.0,0.8564330434184357,413609.0,1.0070612056373747,202951.0,1.0486982693179268,606284.0,0.9603496595024719,2023
2024,Sales and office occupations,Sales and related occupations,First-line supervisors of retail sales workers,2370790.0,1.124260811284781,288096.0,0.7014603287145713,231077.0,1.1940323032612727,459153.0,0.7272951738946409,2023
2024,Sales and office occupations,Sales and related occupations,all,11131100.0,5.27851877074394,1521720.0000000002,3.70510597652011,887670.0,4.586811559073097,2493930.0,3.9503678578405497,2023
2024,"Production, transportation, and material moving occupations",Transportation and material moving occupations,Other rail transportation workers,,,,,,,,,2023
2024,"Production, transportation, and material moving occupations",Transportation and material moving occupations,"Conveyor, dredge, and hoist and winch operators",,,,,,,,,2023
2024,"Production, transportation, and material moving occupations",Transportation and material moving occupations,Other transportation workers,,,,,,,,,2023
2024,"Production, transportation, and material moving occupations",Transportation and material moving occupations,Pumping station operators,,,,,,,,,2023
2024,"Production, transportation, and material moving occupations",Transportation and material moving occupations,Air traffic controllers and airfield operations specialists,,,,,,,,,2023
2024,"Production, transportation, and material moving occupations",Transportation and material moving occupations,Ship and boat captains and operators,,,,,,,,,2023
2024,"Production, transportation, and material moving occupations",Transportation and material moving occupations,Machine feeders and offbearers,,,,,,,,,2023
2024,"Production, transportation, and material moving occupations",Transportation and material moving occupations,Transportation inspectors,,,,,,,,,2023
2024,"Production, transportation, and material moving occupations",Transportation and material moving occupations,Locomotive engineers and operators,,,,,,,,,2023
2024,"Production, transportation, and material moving occupations",Transportation and material moving occupations,Sailors and marine oilers,,,,,,,,,2023
2024,"Production, transportation, and material moving occupations",Transportation and material moving occupations,Passenger attendants,,,,,,,,,2023
2024,"Production, transportation, and material moving occupations",Transportation and material moving occupations,Ship engineers,,,,,,,,,2023
2024,"Production, transportation, and material moving occupations",Transportation and material moving occupations,"Ambulance drivers and attendants, except emergency medical technicians",,,,,,,,,2023
2024,"Production, transportation, and material moving occupations",Transportation and material moving occupations,Railroad conductors and yardmasters,39474.0,0.018719106822896774,9741.0,0.02371752840028546,255.0,0.001317648391365755,4386.0,0.00694739364155716,2023
2024,"Production, transportation, and material moving occupations",Transportation and material moving occupations,Other material moving workers,54795.0,0.025984533068871375,8970.0,0.021840286392625044,585.0000000000001,0.0030228404272508503,22230.0,0.035212166131284924,2023
2024,"Production, transportation, and material moving occupations",Transportation and material moving occupations,Transportation service attendants,61800.00000000001,0.029306399190733662,8775.0,0.02136549755800276,2325.0,0.012013852980099531,15225.000000000002,0.024116294617580435,2023
2024,"Production, transportation, and material moving occupations",Transportation and material moving occupations,Crane and tower operators,41181.0,0.019528589402485485,7737.999999999999,0.01884059488362682,2438.0,0.012597752071175335,9381.0,0.014859439067817538,2023
2024,"Production, transportation, and material moving occupations",Transportation and material moving occupations,Parking attendants,31535.999999999996,0.01495479943169865,14580.000000000002,0.03549959594252767,2970.0,0.015346728322965852,15605.999999999998,0.024719795980424314,2023
2024,"Production, transportation, and material moving occupations",Transportation and material moving occupations,Refuse and recyclable material collectors,76024.0,0.03605161314039378,21944.000000000004,0.05342957018949432,5304.0,0.027407086540407702,27144.0,0.04299590811820054,2023
2024,"Production, transportation, and material moving occupations",Transportation and material moving occupations,"Bus drivers, school",150147.0,0.07120174626684607,42210.0,0.10277352158670044,5427.000000000001,0.028042658117419423,31557.0,0.049986069572872625,2023
2024,"Production, transportation, and material moving occupations",Transportation and material moving occupations,Aircraft pilots and flight engineers,188079.0,0.08918961575071192,9372.000000000002,0.02281908183630791,5751.000000000001,0.02971684666174297,17679.0,0.028003413631803246,2023
2024,"Production, transportation, and material moving occupations",Transportation and material moving occupations,Flight attendants,89010.0,0.04220975067908096,29154.0,0.07098458299783618,6708.000000000001,0.03466190356580975,20511.0,0.032489282029634955,2023
2024,"Production, transportation, and material moving occupations",Transportation and material moving occupations,Shuttle drivers and chauffeurs,52693.0,0.02498773612552312,17064.000000000004,0.04154767525125461,6793.999999999999,0.03510628694485858,13114.0,0.020772485229224945,2023
2024,"Production, transportation, and material moving occupations",Transportation and material moving occupations,"Bus drivers, transit and intercity",164226.0,0.07787819924753117,90242.99999999999,0.21972496821958323,7046.000000000001,0.03640843359044357,47696.00000000001,0.07555013386404706,2023
2024,"Production, transportation, and material moving occupations",Transportation and material moving occupations,Cleaners of vehicles and equipment,287154.0,0.1361723261038177,52310.99999999999,0.12736758322013472,7791.000000000001,0.04025803379266901,132818.0,0.21038279267768786,2023
2024,"Production, transportation, and material moving occupations",Transportation and material moving occupations,Industrial truck and tractor operators,430430.0,0.20411575086840597,130032.00000000001,0.31660380381335784,13244.000000000002,0.06843504037352181,215516.0,0.3413758522694558,2023
2024,"Production, transportation, and material moving occupations",Transportation and material moving occupations,"Motor vehicle operators, all other",129591.00000000001,0.0614538119340836,74612.99999999999,0.1816688170137048,21945.0,0.1133952703863588,39732.0,0.06293521298822369,2023
2024,"Production, transportation, and material moving occupations",Transportation and material moving occupations,Supervisors of transportation and material moving workers,232162.0,0.11009437295985613,41216.0,0.10035331593739508,31878.0,0.16472155066650015,64722.00000000001,0.10251920001570056,2023
2024,"Production, transportation, and material moving occupations",Transportation and material moving occupations,"Packers and packagers, hand",455429.00000000006,0.215970616133279,140793.0,0.3428048430408983,37677.0,0.19468642526073549,292162.0,0.4627825857511681,2023
2024,"Production, transportation, and material moving occupations",Transportation and material moving occupations,Stockers and order fillers,1290828.0,0.6121281659316562,262570.0,0.6393092528552462,60984.00000000001,0.31511948823156555,431970.0,0.6842374900463855,2023
2024,"Production, transportation, and material moving occupations",Transportation and material moving occupations,"Laborers and freight, stock, and material movers, hand",1664208.0,0.7891900321102344,427482.0,1.0408393877025797,82296.00000000001,0.4252438902581811,656082.0,1.0392293468171694,2023
2024,"Production, transportation, and material moving occupations",Transportation and material moving occupations,Taxi drivers,251346.0,0.11919168626204114,153686.0,0.3741969068603091,86865.99999999999,0.4488582163308928,136724.0,0.21656986964164643,2023
2024,"Production, transportation, and material moving occupations",Transportation and material moving occupations,Driver/sales workers and truck drivers,2536802.0000000005,1.202985955984653,762114.0,1.8556062456888567,161010.0,0.8319786960541184,869454.0,1.3772091179266848,2023
2024,"Production, transportation, and material moving occupations",Transportation and material moving occupations,all,8506090.0,4.033703383370675,2374070.0,5.780420146726794,560710.0,2.8973279589125194,3137590.0,4.969920842638699,2023
2024,"Natural resources, construction, and maintenance occupations",all,all,12275523.0,5.821219697621884,1165671.0,2.8381926956050867,287820.0,1.487237490207418,5123196.000000001,8.115107002930024,2023
2024,"Production, transportation, and material moving occupations",all,all,14547036.0,6.8984020074105725,3497648.0000000005,8.516124194045954,1013522.9999999999,5.237125296322329,5166980.0,8.18446055587164,2023
2024,Service occupations,all,all,18833824.000000004,8.93125508789677,4655552.0,11.335405685145854,1613572.0,8.337727647658133,7406560.000000001,11.731939774238853,2023
2024,Sales and office occupations,all,all,23101105.0,10.954857684094714,3885050.0,9.45937621512463,1703445.0,8.802123780509955,5468955.0,8.662786865700465,2023
2024,"Management,  professional, and related occupations",all,all,54260648.0,25.731136094431783,7498864.0,18.25834307462049,6649936.0,34.36187244347146,8064816.0,12.77461272200831,2023
2024,all,all,all,123106998.0,58.37901013852509,20652288.0,50.28449103489113,11294220.000000002,58.36004241070957,31301123.999999996,49.58076375996175,2023
